moat,0.0
iyw,0.0
voo,0.0
fxi,0.0
vgt,0.0
wmt,0.23566
aapl,0.18736
fb,0.0
amzn,0.42477
tsla,0.15221
